id,area,feature,current_entry,behavior_to_preserve,source_files,proposed_location,prototype_or_spec_evidence,verification_status
C01,Capture,Robot direct drag and drop,Corner/island robot,Supported native transfers including promised files; stable hover target; save before success,native/Sources/DaBin/RobotView.swift;native/Sources/DaBin/InputService.swift,TO COMPLETE BY OPEN DESIGN,TO COMPLETE BY OPEN DESIGN,PENDING REDESIGN
C02,Capture,Explicit robot paste,Hover/focus robot,Control-V and Command-V; no clipboard read merely on hover,native/Sources/DaBin/RobotView.swift,TO COMPLETE BY OPEN DESIGN,TO COMPLETE BY OPEN DESIGN,PENDING REDESIGN
C03,Capture,Board intake,Inbox and Daily board,Drop/paste while retaining ordinary text-field editing behavior,native/Sources/DaBin/DailyCaptureView.swift;native/Sources/DaBin/InboxScreen.swift,TO COMPLETE BY OPEN DESIGN,TO COMPLETE BY OPEN DESIGN,PENDING REDESIGN
C04,Capture,Add menu,Header Add,Paste clipboard; New note; Import files; New task; importing disabled state,native/Sources/DaBin/BoardView.swift,TO COMPLETE BY OPEN DESIGN,TO COMPLETE BY OPEN DESIGN,PENDING REDESIGN
C05,Capture,Inline quick capture,Inbox composer,Multiline note/task creation; visible destination; save/error/recovery,native/Sources/DaBin/InboxScreen.swift;native/Sources/DaBin/DraftArchive.swift,TO COMPLETE BY OPEN DESIGN,TO COMPLETE BY OPEN DESIGN,PENDING REDESIGN
C06,Capture,Supported data and file batches,Input and grouped cards,Text/link/image/PDF/video/doc/generic file; managed copies; multi-file grouping and member access,native/Sources/DaBin/InputService.swift;native/Sources/DaBin/GroupedCaptureCard.swift,TO COMPLETE BY OPEN DESIGN,TO COMPLETE BY OPEN DESIGN,PENDING REDESIGN
C07,Inbox,Keep and organize,Inbox card actions,Keep in Workspace without deletion; project filing; convert task; plan Today,native/Sources/DaBin/InboxScreen.swift,TO COMPLETE BY OPEN DESIGN,TO COMPLETE BY OPEN DESIGN,PENDING REDESIGN
V01,Cards,Fitted previews and fallbacks,Cards and Detail,Image/PDF/video/link/generic states; loading/error/unavailable; no stretching,native/Sources/DaBin/CapturePreviews.swift;native/Sources/DaBin/FittedPDFPreview.swift,TO COMPLETE BY OPEN DESIGN,TO COMPLETE BY OPEN DESIGN,PENDING REDESIGN
V02,Cards,Receipt and provenance,Cards and Detail,Immutable date/time; type; best-effort app icon/path; actual saved destination; truthful missing-source fallback,native/Sources/DaBin/CaptureSourceView.swift;native/Sources/DaBin/Domain.swift,TO COMPLETE BY OPEN DESIGN,TO COMPLETE BY OPEN DESIGN,PENDING REDESIGN
V03,Cards,Copy individual or grouped content,Upper-right card action and detail,Native clipboard data from saved originals; complete success or failure; no partial group clipboard replacement,native/Sources/DaBin/CaptureCopyButton.swift;native/Sources/DaBin/CaptureClipboard.swift,TO COMPLETE BY OPEN DESIGN,TO COMPLETE BY OPEN DESIGN,PENDING REDESIGN
V04,Cards,Comment editing,Card action and Detail,Existing content retained; explicit save; draft recovery and errors,native/Sources/DaBin/DetailScreen.swift;native/Sources/DaBin/DraftArchive.swift,TO COMPLETE BY OPEN DESIGN,TO COMPLETE BY OPEN DESIGN,PENDING REDESIGN
V05,Cards,Reminder editing,Card action and Detail,Optional reminder on any capture; accessible clock; visible scheduled/error state,native/Sources/DaBin/DetailScreen.swift;native/Sources/DaBin/ReminderClockEditor.swift,TO COMPLETE BY OPEN DESIGN,TO COMPLETE BY OPEN DESIGN,PENDING REDESIGN
V06,Cards,Minimize and expand,Card contextual actions,Persist compact preference; full content remains in details/search,native/Sources/DaBin/CaptureCards.swift;native/Sources/DaBin/CapturePresentation.swift,TO COMPLETE BY OPEN DESIGN,TO COMPLETE BY OPEN DESIGN,PENDING REDESIGN
V07,Cards,Link and local file actions,Detail and Workspace context menu,Open original URL/saved file; reveal saved file/folder; copy saved path; missing file feedback,native/Sources/DaBin/WorkspaceItemCard.swift;native/Sources/DaBin/AppState.swift,TO COMPLETE BY OPEN DESIGN,TO COMPLETE BY OPEN DESIGN,PENDING REDESIGN
V08,Cards,Pin and project association,Detail and Workspace cards,Persist association/pin; optional project; unfiled remains valid,native/Sources/DaBin/DetailScreen.swift;native/Sources/DaBin/WorkspaceItemCard.swift,TO COMPLETE BY OPEN DESIGN,TO COMPLETE BY OPEN DESIGN,PENDING REDESIGN
T01,Tasks,Capture conversion,Card/detail Turn into task,Same record/content/source/receipt; content filter plus Tasks; reveal work plan,native/Sources/DaBin/DetailScreen.swift;native/Sources/DaBin/CaptureStore.swift,TO COMPLETE BY OPEN DESIGN,TO COMPLETE BY OPEN DESIGN,PENDING REDESIGN
T02,Tasks,Task status,Task card and detail,Complete/reopen; text/icon as well as color; reminders reflect completion; happy feedback only on success,native/Sources/DaBin/CaptureCards.swift;native/Sources/DaBin/CaptureStore.swift,TO COMPLETE BY OPEN DESIGN,TO COMPLETE BY OPEN DESIGN,PENDING REDESIGN
T03,Tasks,Today planning scopes,Today,Today/Upcoming/Completed; project scope; unplanned tasks; unfinished/overdue and due reminders,native/Sources/DaBin/TodayPlanningScreen.swift,TO COMPLETE BY OPEN DESIGN,TO COMPLETE BY OPEN DESIGN,PENDING REDESIGN
T04,Tasks,Planned day and reschedule,Today and Work plan,Today/Tomorrow/Inbox/custom workday; original receipt and deadline unchanged,native/Sources/DaBin/TaskPlanningEditor.swift;native/Sources/DaBin/TaskPlanning.swift,TO COMPLETE BY OPEN DESIGN,TO COMPLETE BY OPEN DESIGN,PENDING REDESIGN
T05,Tasks,Priority effort and ordering,Today and Work plan,None/Low/Medium/High; optional minutes and total effort; reorder; validation,native/Sources/DaBin/TodayPlanningScreen.swift;native/Sources/DaBin/TaskPlanningEditor.swift,TO COMPLETE BY OPEN DESIGN,TO COMPLETE BY OPEN DESIGN,PENDING REDESIGN
T06,Tasks,Separate deadline,Work plan Details,Finish-by date/time independent from workday and notification reminder,native/Sources/DaBin/TaskPlanningEditor.swift,TO COMPLETE BY OPEN DESIGN,TO COMPLETE BY OPEN DESIGN,PENDING REDESIGN
T07,Tasks,Recurrence,Work plan Repeat,None/Daily/Weekdays/Weekly/Monthly; one linked next occurrence; original attachments remain accessible,native/Sources/DaBin/TaskPlanning.swift;native/Sources/DaBin/DetailScreen.swift,TO COMPLETE BY OPEN DESIGN,TO COMPLETE BY OPEN DESIGN,PENDING REDESIGN
T08,Tasks,Checklists,Work plan Details,Add/edit/remove/complete; count; 100 steps max and 1-500 characters; helpful validation,native/Sources/DaBin/TaskPlanningEditor.swift,TO COMPLETE BY OPEN DESIGN,TO COMPLETE BY OPEN DESIGN,PENDING REDESIGN
T09,Tasks,New attachments,Task attachment section,Drop/paste/import more text/files into task; count and previews; no content loss,native/Sources/DaBin/TaskAttachmentsView.swift;native/Sources/DaBin/DailyCaptureView.swift,TO COMPLETE BY OPEN DESIGN,TO COMPLETE BY OPEN DESIGN,PENDING REDESIGN
T10,Tasks,Existing attachments and navigation,Workspace and task detail,Attach saved non-task capture; attachment detail; return to parent; no ordinary unlink command in current app,native/Sources/DaBin/WorkspaceItemCard.swift;native/Sources/DaBin/TaskAttachmentsView.swift;native/Sources/DaBin/DetailScreen.swift,TO COMPLETE BY OPEN DESIGN,TO COMPLETE BY OPEN DESIGN,PENDING REDESIGN
T11,Tasks,New task composer,Add and Inbox,Save/cancel/recovery; destination; optional reminder/planning; Command-Return,native/Sources/DaBin/TaskEditorScreen.swift,TO COMPLETE BY OPEN DESIGN,TO COMPLETE BY OPEN DESIGN,PENDING REDESIGN
R01,Reminders,Date/time and countdown,Reminder clock,Hours 0-99 minutes 0-59; nonzero; begins when saved; reopen never resets,native/Sources/DaBin/ReminderClockEditor.swift;native/Sources/DaBin/ReminderSchedule.swift,TO COMPLETE BY OPEN DESIGN,TO COMPLETE BY OPEN DESIGN,PENDING REDESIGN
R02,Reminders,Notification delivery state,Detail/Today/Settings,Permission on first reminder; denied/error/retry/system settings; completion cancellation,native/Sources/DaBin/ReminderService.swift;native/Sources/DaBin/SettingsScreen.swift,TO COMPLETE BY OPEN DESIGN,TO COMPLETE BY OPEN DESIGN,PENDING REDESIGN
R03,Reminders,Non-task follow-up actions,Today reminders,Done and Tomorrow; separate from task completion semantics,native/Sources/DaBin/TodayPlanningScreen.swift,TO COMPLETE BY OPEN DESIGN,TO COMPLETE BY OPEN DESIGN,PENDING REDESIGN
H01,Activity,Daily calendar history,Inbox Activity / More,Calendar selection; previous/next; today; newest first; original receipt date,native/Sources/DaBin/DailyScreen.swift;native/Sources/DaBin/BoardView.swift,TO COMPLETE BY OPEN DESIGN,TO COMPLETE BY OPEN DESIGN,PENDING REDESIGN
H02,Activity,Weekly history,Timeline Week,Seven dates ending on chosen date; active days only; whole-week empty; day columns open Daily,native/Sources/DaBin/WeeklyScreen.swift;native/Sources/DaBin/AppState.swift,TO COMPLETE BY OPEN DESIGN,TO COMPLETE BY OPEN DESIGN,PENDING REDESIGN
H03,Activity,Task carryover,Daily/Weekly,Unfinished placement; creation-date badge/frame; reminder-day top placement; no duplicate receipt storage,native/Sources/DaBin/CapturePresentation.swift;native/Sources/DaBin/AppState.swift,TO COMPLETE BY OPEN DESIGN,TO COMPLETE BY OPEN DESIGN,PENDING REDESIGN
H04,Activity,Content type filters,Timeline and Workspace,All/Text/Links/Files/Media/Tasks; text before Links; task plus original content type,native/Sources/DaBin/CaptureFilterStrip.swift;native/Sources/DaBin/Domain.swift,TO COMPLETE BY OPEN DESIGN,TO COMPLETE BY OPEN DESIGN,PENDING REDESIGN
H05,Activity,Automatic hourly summaries,Daily/Weekly feed,Fourth successful auto action groups fixed local hour; exact counts; task separation; expand/collapse in place,native/Sources/DaBin/HourlyCaptureFeed.swift;native/Sources/DaBin/HourlyCaptureCard.swift,TO COMPLETE BY OPEN DESIGN,TO COMPLETE BY OPEN DESIGN,PENDING REDESIGN
H06,Activity,Batch actions,Grouped capture card,Expand/minimize; members; group/member copy; grouped removal semantics,native/Sources/DaBin/GroupedCaptureCard.swift;native/Sources/DaBin/CaptureCardGroup.swift,TO COMPLETE BY OPEN DESIGN,TO COMPLETE BY OPEN DESIGN,PENDING REDESIGN
S01,Search,Global archive search,Header / Command-K / global shortcut,Immediate focus; saved content/tasks/links/snippets/OCR/scratchpads; grouped dates and previews,native/Sources/DaBin/SearchScreen.swift;native/Sources/DaBin/AppState.swift,TO COMPLETE BY OPEN DESIGN,TO COMPLETE BY OPEN DESIGN,PENDING REDESIGN
S02,Search,Day week and all scopes,Weekly Search,Clear scope/date; keyboard access; anchored dismissal; correct selected weekly day,native/Sources/DaBin/WeeklyScopeActions.swift;native/Sources/DaBin/AppState.swift,TO COMPLETE BY OPEN DESIGN,TO COMPLETE BY OPEN DESIGN,PENDING REDESIGN
S03,Search,Refinements and context,Search and Workspace filters,Search type/project/app and All/Day/Week; Workspace date/app/origin; Return preserves; nearby context distinguished,native/Sources/DaBin/SearchScreen.swift;native/Sources/DaBin/WorkspaceQuery.swift,TO COMPLETE BY OPEN DESIGN,TO COMPLETE BY OPEN DESIGN,PENDING REDESIGN
S04,Search,Empty recovery and Back,Search,Clear refinements or widen dates while retaining query; restore prior selection/route/filter/project,native/Sources/DaBin/SearchScreen.swift;native/Sources/DaBin/AppState.swift,TO COMPLETE BY OPEN DESIGN,TO COMPLETE BY OPEN DESIGN,PENDING REDESIGN
S05,Search,Local OCR and text indexing,Details/Search/Settings,Local Vision/PDFKit/text; progress/empty/failure/retry; searchable excerpt/copy; rebuild; bounded work,native/Sources/DaBin/ContentIndexService.swift;native/Sources/DaBin/DetailScreen.swift,TO COMPLETE BY OPEN DESIGN,TO COMPLETE BY OPEN DESIGN,PENDING REDESIGN
W01,Workspace,Project spaces,Workspace project control,Create/select/associate optional project; All projects; shared context; selection restoration,native/Sources/DaBin/LibraryScreen.swift;native/Sources/DaBin/WorkspaceStore.swift,TO COMPLETE BY OPEN DESIGN,TO COMPLETE BY OPEN DESIGN,PENDING REDESIGN
W02,Workspace,Four connected modes,Workspace,Library/Clipboard/Shelf/Notes; filters and project survive mode changes,native/Sources/DaBin/LibraryScreen.swift;native/Sources/DaBin/WorkspaceStore.swift,TO COMPLETE BY OPEN DESIGN,TO COMPLETE BY OPEN DESIGN,PENDING REDESIGN
W03,Workspace,Library browsing,Library,Recognizable cards; responsive columns; pin-only; project/date/app/origin/type filters; item count,native/Sources/DaBin/LibraryScreen.swift;native/Sources/DaBin/WorkspaceItemCard.swift,TO COMPLETE BY OPEN DESIGN,TO COMPLETE BY OPEN DESIGN,PENDING REDESIGN
W04,Clipboard,Recent copied material,Clipboard Recent,Automatic copies plus supported manual text/links; new arrivals do not disturb selection; recent not buried by pins,native/Sources/DaBin/WorkspaceQuery.swift;native/Sources/DaBin/LibraryScreen.swift,TO COMPLETE BY OPEN DESIGN,TO COMPLETE BY OPEN DESIGN,PENDING REDESIGN
W05,Clipboard,Named reusable snippets,Clipboard Snippets / item menu,Save/rename/remove alias without changing content; alias search; pin access,native/Sources/DaBin/WorkspaceItemCard.swift;native/Sources/DaBin/WorkspaceStore.swift,TO COMPLETE BY OPEN DESIGN,TO COMPLETE BY OPEN DESIGN,PENDING REDESIGN
W06,Clipboard,Copy as plain text,Workspace item menu,Text-only clipboard action; no external typing or added Accessibility permission,native/Sources/DaBin/WorkspaceClipboard.swift,TO COMPLETE BY OPEN DESIGN,TO COMPLETE BY OPEN DESIGN,PENDING REDESIGN
W07,Shelf,Persistent collection,Shelf,Add existing and import/paste/drop; membership survives restart; optional project; remove membership keeps capture,native/Sources/DaBin/ShelfCaptureController.swift;native/Sources/DaBin/WorkspaceStore.swift;native/Sources/DaBin/LibraryScreen.swift,TO COMPLETE BY OPEN DESIGN,TO COMPLETE BY OPEN DESIGN,PENDING REDESIGN
W08,Shelf,Project shelf ZIP,Shelf Export ZIP,Entire project shelf ignores type filter; verified managed files; text/link UTF-8; unique names; no silent overwrite,native/Sources/DaBin/ShelfExport.swift,TO COMPLETE BY OPEN DESIGN,TO COMPLETE BY OPEN DESIGN,PENDING REDESIGN
W09,Notes,Project and unfiled scratchpads,Workspace Notes,Autosave; saved/not-saved/retry; survives project switch/restart; search only All/Text without app filter; scoped by updated date; no invented source,native/Sources/DaBin/ScratchpadView.swift;native/Sources/DaBin/WorkspaceStore.swift,TO COMPLETE BY OPEN DESIGN,TO COMPLETE BY OPEN DESIGN,PENDING REDESIGN
W10,Notes,Convert scratchpad,Notes Save note / Make task,New saved record with original text; scratchpad retained; project destination preserved,native/Sources/DaBin/ScratchpadView.swift,TO COMPLETE BY OPEN DESIGN,TO COMPLETE BY OPEN DESIGN,PENDING REDESIGN
E01,Export,Copy and text export day,More Export,Complete chosen receipt day; ignores filters; chronological; timestamp/type/source/text/OCR/placeholder; excludes future today,native/Sources/DaBin/DayExport.swift;native/Sources/DaBin/BoardView.swift,TO COMPLETE BY OPEN DESIGN,TO COMPLETE BY OPEN DESIGN,PENDING REDESIGN
E02,Export,Copy and text export week,More Export,Complete seven-day receipt range; exact same copy/file text; no carried task duplicates,native/Sources/DaBin/DayExport.swift;native/Sources/DaBin/BoardView.swift,TO COMPLETE BY OPEN DESIGN,TO COMPLETE BY OPEN DESIGN,PENDING REDESIGN
E03,Export,Export feedback and dialogs,Export actions,Empty disabled; UTF-8 named file; success/checkmark; cancellation neutral; actionable errors,native/Sources/DaBin/DayExportUI.swift,TO COMPLETE BY OPEN DESIGN,TO COMPLETE BY OPEN DESIGN,PENDING REDESIGN
A01,Automatic capture,Independent opt-in sources,Header setup and Settings,Clipboard and Screenshots off initially; privacy explanation; channels independent,native/Sources/DaBin/AutoCaptureSettings.swift;native/Sources/DaBin/AutoCaptureService.swift,TO COMPLETE BY OPEN DESIGN,TO COMPLETE BY OPEN DESIGN,PENDING REDESIGN
A02,Automatic capture,Pause resume and status,Header/footer/menu bar/Settings,Off/on/paused/excluded/permission/error distinct; immediate stop; existing captures retained,native/Sources/DaBin/AutoCaptureService.swift;native/Sources/DaBin/BoardView.swift;native/Sources/DaBin/StatusBarController.swift,TO COMPLETE BY OPEN DESIGN,TO COMPLETE BY OPEN DESIGN,PENDING REDESIGN
A03,Automatic capture,Screenshot folder authorization,Settings Screenshots,Choose/change/re-authorize folder; security-scoped bookmark; monitor only authorized folder; clipboard independent,native/Sources/DaBin/ScreenshotFolderMonitor.swift;native/Sources/DaBin/SettingsScreen.swift,TO COMPLETE BY OPEN DESIGN,TO COMPLETE BY OPEN DESIGN,PENDING REDESIGN
A04,Automatic capture,Fresh baselines and deduplication,Capture service,No old clipboard/files on enable/resume/start; cross-channel duplicate suppression; timestamps/action identity,native/Sources/DaBin/AutoCaptureService.swift;native/Sources/DaBin/AutoCaptureFingerprint.swift,TO COMPLETE BY OPEN DESIGN,TO COMPLETE BY OPEN DESIGN,PENDING REDESIGN
A05,Automatic capture,Excluded apps,Settings Excluded applications,Add/remove/restore defaults; DaBin cannot be removed; password defaults; best-effort origin explained,native/Sources/DaBin/AutoCaptureSettings.swift;native/Sources/DaBin/SettingsScreen.swift,TO COMPLETE BY OPEN DESIGN,TO COMPLETE BY OPEN DESIGN,PENDING REDESIGN
B01,Buddy,Home and reveal,Robot home and native controller,Corners/compatible island; hidden rest; hover/drag; no flicker; fallback top-right; interacted display,native/Sources/DaBin/RobotPlacementSettings.swift;native/Sources/DaBin/CornerController.swift,TO COMPLETE BY OPEN DESIGN,TO COMPLETE BY OPEN DESIGN,PENDING REDESIGN
B02,Buddy,Eating reactions,Successful automatic capture,Ten shuffled reactions; no recent-three repeat; generic token; exact burst count; one bounded popup; failures separate,native/Sources/DaBin/AutoCaptureRobotCelebration.swift;native/Sources/DaBin/AutoCaptureRobotPresenter.swift,TO COMPLETE BY OPEN DESIGN,TO COMPLETE BY OPEN DESIGN,PENDING REDESIGN
B03,Buddy,Open close transformation,Robot double-click/Return and board X,Continuous body surface; reserved head/hands/feet; priority/cancellation safe; open current view; responsive close,native/Sources/DaBin/RobotLifecycle.swift;native/Sources/DaBin/RobotAppFrameView.swift;native/Sources/DaBin/CornerController.swift,TO COMPLETE BY OPEN DESIGN,TO COMPLETE BY OPEN DESIGN,PENDING REDESIGN
B04,Buddy,Expressions and accessibility,Robot and empty state,Clamped eased gaze; blink/bored/happy; Reduce Motion static/fade; Quiet; no hidden rendering loop or sound,native/Sources/DaBin/RobotCharacterView.swift;native/Sources/DaBin/BoredRobotView.swift;native/Sources/DaBin/QuickAccess.swift,TO COMPLETE BY OPEN DESIGN,TO COMPLETE BY OPEN DESIGN,PENDING REDESIGN
B05,Window,Move resize expand restore,Frame/drag handle/header,Drag position; edge/corner resize; safe-area expand; compact restored; route/project/draft preserved,native/Sources/DaBin/CornerController.swift;native/Sources/DaBin/BoardResizeGeometry.swift,TO COMPLETE BY OPEN DESIGN,TO COMPLETE BY OPEN DESIGN,PENDING REDESIGN
B06,Window,Screens Spaces and focus,Native panels,Display changes recover; no unwanted Space switch/focus theft; decorative hit-test exclusion; screenshot sharing exclusion retained,native/Sources/DaBin/CornerController.swift;native/Sources/DaBin/AutoCaptureRobotPresenter.swift,TO COMPLETE BY OPEN DESIGN,TO COMPLETE BY OPEN DESIGN,PENDING REDESIGN
B07,Window,Filter resize behavior,Activity filter change,Top stays anchored; bottom eases; screen clamp/scroll; Reduce Motion immediate,native/Sources/DaBin/CornerController.swift,TO COMPLETE BY OPEN DESIGN,TO COMPLETE BY OPEN DESIGN,PENDING REDESIGN
P01,Preferences,Theme and appearance,Settings,Dark/light; Purple/Blue/Teal/Green/Rose/Amber; custom/reset; readable resolved accent,native/Sources/DaBin/ThemeSettings.swift;native/Sources/DaBin/SettingsScreen.swift,TO COMPLETE BY OPEN DESIGN,TO COMPLETE BY OPEN DESIGN,PENDING REDESIGN
P02,Preferences,Transparency and tooltip control,Settings,35-100 percent opacity in 5 percent steps; solid reset; OS contrast/transparency override; tooltips off keeps accessible labels,native/Sources/DaBin/ThemeSettings.swift;native/Sources/DaBin/SettingsScreen.swift,TO COMPLETE BY OPEN DESIGN,TO COMPLETE BY OPEN DESIGN,PENDING REDESIGN
P03,Preferences,Global shortcut choices,Settings Quick access,Enable/disable; two modifier sets; registration errors; quiet mode; no general typing monitoring,native/Sources/DaBin/QuickAccess.swift;native/Sources/DaBin/SettingsScreen.swift,TO COMPLETE BY OPEN DESIGN,TO COMPLETE BY OPEN DESIGN,PENDING REDESIGN
P04,Preferences,Manual link preview consent,Settings,Off default; disclosure; earlier/new eligible manual links; turning off stops requests; automatic links never fetched,native/Sources/DaBin/PreviewService.swift;native/Sources/DaBin/SettingsScreen.swift,TO COMPLETE BY OPEN DESIGN,TO COMPLETE BY OPEN DESIGN,PENDING REDESIGN
P05,Preferences,Retention and clear history,Settings Clipboard history,Never/7/30/90; protected work; exact confirmation; recoverable removal; progress/results/errors,native/Sources/DaBin/ClipboardRetentionService.swift;native/Sources/DaBin/ClipboardRetentionSettings.swift,TO COMPLETE BY OPEN DESIGN,TO COMPLETE BY OPEN DESIGN,PENDING REDESIGN
P06,Preferences,Local archive privacy support,Settings,Open archive; offline policy/data controls; configured support/policy links; rebuild search progress,native/Sources/DaBin/PrivacyInformation.swift;native/Sources/DaBin/SettingsScreen.swift,TO COMPLETE BY OPEN DESIGN,TO COMPLETE BY OPEN DESIGN,PENDING REDESIGN
P07,Preferences,Updates and visible version,Settings first section,Direct Get updates/check/install/release link; truthful installed status; Store-managed alternative; no silent checks,native/Sources/DaBin/SoftwareUpdateService.swift;native/Sources/DaBin/SettingsScreen.swift,TO COMPLETE BY OPEN DESIGN,TO COMPLETE BY OPEN DESIGN,PENDING REDESIGN
P08,Preferences,Complete Quit,Settings and menu bar,Terminate process; preserve drafts; ask only if unsaved data cannot persist; hide X is different,native/Sources/DaBin/SettingsScreen.swift;native/Sources/DaBin/ApplicationCoordinator.swift,TO COMPLETE BY OPEN DESIGN,TO COMPLETE BY OPEN DESIGN,PENDING REDESIGN
D01,Recovery,Recently Deleted and Undo,More / removal banner,Confirmation; undo latest; restore; task families/reminders; no external original deletion,native/Sources/DaBin/CaptureRemoval.swift;native/Sources/DaBin/TrashScreen.swift,TO COMPLETE BY OPEN DESIGN,TO COMPLETE BY OPEN DESIGN,PENDING REDESIGN
D02,Recovery,Permanent deletion,Recently Deleted,Separate confirmation; journaled cleanup; error handling; never confused with collapse or shelf membership removal,native/Sources/DaBin/TrashScreen.swift;native/Sources/DaBin/CaptureStore.swift,TO COMPLETE BY OPEN DESIGN,TO COMPLETE BY OPEN DESIGN,PENDING REDESIGN
D03,Recovery,Verified archive backup restore,More,Captures/originals/projects/shelf/snippets/notes/trash; checksums; additive no overwrite; conflicts/busy/draft handling,native/Sources/DaBin/ArchiveBackup.swift;native/Sources/DaBin/AppState.swift,TO COMPLETE BY OPEN DESIGN,TO COMPLETE BY OPEN DESIGN,PENDING REDESIGN
D04,Recovery,Local dated archive,Storage and Finder reveal,Year/named numbered month/day folders; unique capture folder; authoritative DB; source originals kept; failed work recoverable,native/Sources/DaBin/DailyArchive.swift;native/Sources/DaBin/CaptureRepository.swift,TO COMPLETE BY OPEN DESIGN,TO COMPLETE BY OPEN DESIGN,PENDING REDESIGN
D05,Recovery,Draft and navigation recovery,Composer/detail/Back/restart,Unfinished edits separate from saved captures; visible destination; route/project/selection retained; failed save reported,native/Sources/DaBin/DraftArchive.swift;native/Sources/DaBin/AppState.swift,TO COMPLETE BY OPEN DESIGN,TO COMPLETE BY OPEN DESIGN,PENDING REDESIGN
K01,Access,Native menus and keyboard,Application/menu bar/controls,Status item Open/state/Pause/Settings/Quit; app menu About/updates/Open/focus/Search/Settings/Edit/Hide/Quit; shortcuts; accessible focus,native/Sources/DaBin/ApplicationMenu.swift;native/Sources/DaBin/StatusBarController.swift,TO COMPLETE BY OPEN DESIGN,TO COMPLETE BY OPEN DESIGN,PENDING REDESIGN
K02,Access,First launch and resume,Application coordinator,First launch shows Inbox; later launch quiet; same-session reopen resumes route; global capture selects Daily,native/Sources/DaBin/ApplicationCoordinator.swift;native/Sources/DaBin/CornerController.swift,TO COMPLETE BY OPEN DESIGN,TO COMPLETE BY OPEN DESIGN,PENDING REDESIGN
